lng,lat
-122.3227,37.56457277
-122.3227403,37.56663399
-122.3247023,37.56770019
-122.326254,37.56345124
-122.3197348,37.56489593
-122.3204168,37.56555181
-122.3204362,37.5644856
-122.3211323,37.56507452
-122.1925685,47.61821157
-122.197519,47.61161
-122.2030458,47.61830737
-122.2030601,47.61865188
-122.3342989,47.5834369
-122.3345152,47.57774828
-122.3341779,47.58943624
-122.3286806,47.60489124
-122.2950634,47.45066934
-122.2963162,47.447289
-122.352585,47.65184276
-122.3568936,47.65195768
-122.3420507,47.64932141
-122.3124322,47.61528489
-122.3133573,47.61528894
-122.3127445,47.61917042
-122.3113776,47.62132564
-122.3302989,47.61880525
-122.3337449,47.60768859
-122.317429,47.592884
-122.3829971,47.66945072
-122.3329731,47.60281095
-122.469428,37.67688383
-122.0967635,37.42165179
-122.4225031,37.63884063
-122.2460522,37.50160719
-122.0193984,37.35706211
-122.2618872,47.44590338
-122.254354,47.45824218
-122.3113776,47.62132835
-122.4047878,37.64928725
-121.9744353,37.39159361
-122.4995422,37.78485159
-122.3168288,47.6134041
-122.314241,47.61496689
-122.3943829,37.79579256
-122.3948581,37.79637364
-122.3344104,47.60841675
-122.2016335,47.6184151
-122.2009322,47.61608808
-122.1936008,47.61268601
-122.2015496,47.61508585
-122.4031384,37.79283333
-121.966628,37.387523
-122.315584,47.614284
-122.316607,47.614171
-122.382329,47.665734
-122.318055,47.612498
-122.327084,47.630946
-122.3244,47.679134
-122.324045,47.679117
-122.318098,47.615431
-122.31418,47.614247
-122.326469,47.678666
-122.316611,47.61405
-122.382564,47.666699
-122.319418,47.618727
-122.32633,47.605544
-122.383336,47.666373
-122.314077,47.613902
-122.315381,47.614051
-122.320115,47.617785
-122.316962,47.615441
-122.320077,47.615439
-122.314042,47.615233
-122.383379,47.666246
-122.384221,47.668318
-122.327393,47.630522
-122.312729,47.614667
-122.31561,47.613998
-122.384831,47.667008
-122.315367,47.613352
-122.327966,47.678271
-122.382783,47.667329
-122.330159,47.618561
-122.314504,47.615237
-122.314159,47.613086
-122.316774,47.61541
-122.314409,47.615335
-122.318199,47.613471
-122.33113,47.600774
-122.314308,47.614535
-122.320102,47.616934
-122.383413,47.666494
-122.316068,47.615223
-122.382546,47.666822
-122.314302,47.613493
-122.0326346,37.37552655
-122.4750839,37.72693162
-122.0330835,37.37404053
-122.033323,37.37359
-122.0290493,37.37685731
-122.0279711,37.3766418
-122.0338812,37.37896623
-122.033888,37.379021
-122.0339244,37.37943754
-122.033581,37.380492
-122.0155266,37.3329013
-122.274069,37.56027873
-122.1187505,37.40498156
-122.1158202,37.40247828
-122.3903528,37.60128087
-122.2501903,37.51842852
-122.395656,37.66510345
-122.394291,37.66668096
-122.4196161,37.62992176
-122.2544891,37.51347386
-121.9178364,37.36627313
-121.9173256,37.37114933
-121.9141888,37.36599964
-121.9142009,37.36600178
-121.9729681,37.31935101
-122.3002372,37.55678757
-122.2824973,37.5562313
-121.9794286,37.38292959
-122.0391345,37.36912365
-121.9881709,37.3881593
-121.997887,37.38564017
-73.98296834,40.76423987
-73.97836126,40.7665394
-73.97519997,40.76525301
-122.2960347,47.42595773
-122.3154096,47.66190445
-122.2792793,37.56208857
-122.2261101,37.49593358
-122.056447,37.37317011
-73.98239021,40.76437891
-122.3409892,47.61055724
-122.3338509,47.60711749
-122.4034065,37.79375294
-122.3995158,37.63277012
-122.38596,37.616621
-122.393466,37.615607
-122.392661,37.613678
-122.386177,37.616791
-122.385436,37.616366
-122.196341,47.61781914
-122.1988869,47.613108
-122.384475,47.666722
-122.3332484,47.59764703
-122.201764,47.615168
-73.98156746,40.76527674
-122.1636491,37.44076308
-122.163527,37.44061933
-122.db_port38,47.60605526
-122.3162721,47.6092325
-122.3304378,47.62137762
-122.3198874,47.62484006
-122.327657,47.608807
-122.3247652,47.6035673
-122.3284223,47.60203644
-122.329915,47.61856
-122.3959689,37.79710736
-122.4350175,37.76161746
-122.4355332,37.76088961
-122.4665228,37.78236432
-122.4675782,37.78210941
-122.4772435,37.77991796
-122.4810543,37.78035201
-122.4641061,37.76345004
-122.4652279,37.76364035
-122.4782735,37.76393509
-122.472441,37.7313719
-122.474562,37.73223581
-122.4652433,37.7406288
-122.467947,37.73903534
-122.4331085,37.75132773
-122.3821434,47.66929542
-122.3481208,47.6131526
-122.3469663,47.61249905
-122.3446527,47.61228712
-122.3455888,47.61284899
-122.3214066,47.61298994
-122.3410844,47.61252644
-122.3407388,47.61228005
-122.3293752,47.60223814
-122.3457582,47.61524356
-122.3450736,47.61602186
-122.325294,47.6396703
-122.3274468,47.60682165
-122.3471069,47.6491879
-122.348756,47.65037252
-122.3447341,47.64846579
-122.3460673,47.64866947
-122.3475872,47.64844023
-122.351734,47.64990168
-122.3550624,47.65155181
-122.3276517,47.60105237
-122.3250688,47.5998409
-122.3588029,47.6246126
-122.35853,47.62571452
-122.3353674,47.59034427
-122.3342676,47.59206814
-122.3339988,47.59377037
-122.327904,47.60086271
-122.3351313,47.59237106
-122.3341805,47.57828809
-122.3341818,47.58085814
-122.3341195,47.58258995
-122.341194,47.61496633
-122.3426464,47.61586116
-122.3418627,47.6164817
-122.3329361,47.60708718
-122.329124,47.60532578
-122.3328452,47.60105723
-122.3264713,47.60742723
-122.322166,47.61775633
-122.3221734,47.61706452
-122.3207967,47.61351819
-122.4005558,37.79366235
-122.400808,37.79361625
-122.4036223,37.79372647
-122.4041138,37.79366394
-122.489016,37.749849
-122.46506,37.762121
-122.483004,37.754096
-122.46db_port,37.765161
-122.485937,37.751854
-122.483138,37.755941
-122.488058,37.751757
-122.462311,37.766021
-122.48583,37.748336
-122.45751,37.709488
-122.485638,37.748304
-122.487419,37.755752
-122.463244,37.764108
-122.465632,37.70932
-122.46401,37.760301
-122.453398,37.709165
-122.480706,37.753927
-122.484015,37.755861
-122.460588,37.709745
-122.452999,37.708846
-122.45091,37.70951
-122.488286,37.751788
-122.470516,37.708729
-122.454708,37.710212
-122.468103,37.709501
-122.462947,37.760349
-122.457742,37.709687
-122.457557,37.709915
-122.45542,37.708802
-122.461985,37.762249
-122.46111,37.764356
-122.480771,37.752123
-122.457849,37.764525
-122.485899,37.752035
-122.465135,37.760431
-122.484079,37.754048
-122.465834,37.708279
-122.486351,37.755799
-122.45672,37.7103
-122.464285,37.709695
-122.486249,37.753727
-122.449792,37.708419
-122.45593,37.708452
-122.463121,37.762389
-122.460811,37.762789
-122.46063,37.710274
-122.46186,37.708586
-122.460153,37.766127
-122.457954,37.765398
-122.470377,37.708749
-122.487263,37.755539
-122.466312,37.762098
-122.447786,37.709135
-122.449965,37.708383
-122.463851,37.760308
-122.468555,37.764066
-122.488996,37.750029
-122.460396,37.709556
-122.464456,37.709087
-122.467165,37.762225
-122.460103,37.765302
-122.459892,37.763025
-122.464437,37.765927
-122.465744,37.708286
-122.469351,37.708749
-122.483897,37.754023
-122.48165,37.752043
-122.45897,37.765225
-122.463061,37.762225
-122.46443,37.70972
-122.488156,37.749925
-122.455863,37.709181
-122.455272,37.708691
-122.455784,37.709321
-122.488378,37.753867
-122.459023,37.709565
-122.459034,37.766138
-122.486042,37.753929
-122.487066,37.749973
-122.46253,37.709742
-122.486067,37.753702
-122.468788,37.706715
-122.486198,37.755586
-122.459026,37.76535
-122.457086,37.709935
-122.464143,37.762184
-122.460378,37.710281
-122.450408,37.709461
-122.483763,37.752129
-122.480539,37.752271
-122.484207,37.755894
-122.487026,37.750154
-122.458307,37.709131
-122.446224,37.70875
-122.483947,37.752162
-122.452583,37.708721
-122.480889,37.753963
-122.461624,37.708604
-122.486873,37.749941
-122.461266,37.709118
-122.484993,37.753749
-122.489339,37.751742
-122.464422,37.709
-122.487313,37.75368
-122.46205,37.762436
-122.466268,37.762067
-122.461718,37.760377
-122.46003,37.764249
-122.46493,37.760234
-122.450285,37.709772
-122.466601,37.708286
-122.46168,37.708678
-122.486223,37.753954
-122.481513,37.750196
-122.46211,37.765984
-122.462239,37.765208
-122.464242,37.765903
-122.462682,37.708237
-122.467656,37.765796
-122.453992,37.708461
-122.464168,37.762203
-122.481612,37.752224
-122.453149,37.709184
-122.46444,37.709183
-122.453782,37.70969
-122.458203,37.708889
-122.44731,37.708255
-122.458831,37.765223
-122.488318,37.755492
-122.488018,37.751938
-122.462499,37.708197
-122.487112,37.753882
-122.469245,37.708739
-122.457649,37.709408
-122.459305,37.709635
-122.484825,37.752082
-122.457867,37.764354
-122.447645,37.709154
-122.458895,37.766135
-122.459905,37.76519
-122.452297,37.708292
-122.453985,37.709587
-122.482873,37.752204
-122.487226,37.755719
-122.489116,37.75189
-122.461211,37.70919
-122.486091,37.752064
-122.466131,37.762082
-122.446452,37.708813
-122.462978,37.76053
-122.465199,37.762123
-122.459086,37.710678
-122.465169,37.760292
-122.457621,37.764912
-122.451081,37.709501
-122.487195,37.751837
-122.458447,37.709063
-122.457927,37.709645
-122.447615,37.709027
-122.483923,37.753797
-122.48268,37.752177
-122.48303,37.753869
-122.453325,37.709076
-122.464204,37.762342
-122.487472,37.755571
-122.463319,37.76593
-122.461148,37.70918
-122.466584,37.765843
-122.461979,37.764115
-122.484967,37.753976
-122.460097,37.76522
-122.468417,37.764074
-122.488186,37.7536
-122.490218,37.751662
-122.462774,37.760348
-122.452437,37.708238
-122.447755,37.709008
-122.462046,37.765105
-122.464062,37.760479
-122.458949,37.764454
-122.487929,37.749896
-122.463001,37.76039
-122.461071,37.709121
-122.446582,37.708698
-122.486129,37.751884
-122.48178,37.753891
-122.485149,37.754001
-122.457864,37.764507
-122.460107,37.766094
-122.490184,37.751842
-122.487132,37.753655
-122.460974,37.765136
-122.461155,37.765172
-122.482848,37.753844
-122.463321,37.765077
-122.480732,37.752304
-122.481842,37.752076
-122.46004,37.764403
-122.454495,37.710306
-122.463255,37.764262
-122.490411,37.751694
-122.462634,37.70974
-122.463181,37.765936
-122.482979,37.755728
-122.485018,37.752115
-122.461797,37.762455
-122.457975,37.766014
-122.461106,37.764202
-122.464527,37.709609
-122.45385,37.709776
-122.466992,37.708318
-122.484247,37.755713
-122.468724,37.765749
-122.487156,37.752015
-122.458887,37.708588
-122.461928,37.760435
-122.463127,37.709615
-122.483172,37.755761
-122.48596,37.750201
-122.481496,37.750359
-122.464324,37.709724
-122.487003,37.751804
-122.461038,37.76604
-122.469378,37.708726
-122.459028,37.765268
-122.462248,37.765978
-122.454644,37.710103
-122.480863,37.75419
-122.463119,37.765041
-122.462922,37.762228
-122.460693,37.709758
-122.481962,37.753916
-122.488117,37.750106
-122.461175,37.766025
-122.460043,37.765185
-122.460945,37.762728
-122.454465,37.708294
-122.454687,37.710413
-122.45059,37.709444
-122.470479,37.708761
-122.486179,37.755769
-122.461114,37.765139
-122.461858,37.760397
-122.457909,37.765441
-122.451078,37.709457
-122.463982,37.762184
-122.454431,37.710209
-122.450133,37.709775
-122.485317,37.755666
-122.485103,37.755815
-122.463189,37.764069
-122.481805,37.752254
-122.462179,37.764155
-122.444776,37.708285
-122.487893,37.750075
-122.463256,37.765018
-122.469368,37.708641
-122.485124,37.755633
-122.463051,37.764067
-122.48917,37.750059
-122.456786,37.709933
-122.463104,37.762252
-122.488151,37.753835
-122.485289,37.755848
-122.398497,37.792231
-122.454058,37.709693
-122.461916,37.760573
-122.482822,37.754071
-122.480578,37.752091
-122.457952,37.765315
-122.459027,37.70852
-122.461793,37.708649
-122.486833,37.750121
-122.481755,37.754118
-122.465458,37.709433
-122.462187,37.765092
-122.484119,37.753826
-122.453222,37.709273
-122.489209,37.749879
-122.485175,37.753774
-122.461164,37.765256
-122.461847,37.762255
-122.462179,37.764309
-122.486,37.750021
-122.489146,37.751709
-122.459967,37.766088
-122.445984,37.708259
-122.484054,37.75568
-122.463374,37.765974
-122.462004,37.762478
-122.487288,37.753906
-122.488246,37.751969
-122.464432,37.709424
-122.486391,37.755618
-122.462059,37.762298
-122.461223,37.766079
-122.486985,37.751987
-122.481937,37.754143
-122.464063,37.760341
-122.462226,37.765124
-122.459114,37.76618
-73.87058883,40.77029442
-122.3187633,47.60620452
-122.3979047,37.6324471
-122.3009007,47.66494411
-122.2976415,47.41202924
-122.1982027,47.61226912
-122.3512007,47.61276858
-73.98121141,40.76268032
-73.97550635,40.76450972
-73.98367502,40.76705921
-73.97732221,40.76349955
-73.98380443,40.76800483
-73.98742408,40.76864116
-73.98279928,40.76498103
-73.97731349,40.76266306
-73.98207441,40.76386421
-73.97868209,40.76160613
-73.98382589,40.76459758
-73.98089692,40.7625498
-73.98295216,40.76259703
-73.98553647,40.76308613
-73.98667037,40.76252948
-73.98844063,40.76246346
-73.9863646,40.76156651
-73.98602396,40.76062181
-73.97969261,40.76709476
-73.98000509,40.76462247
-122.4071594,37.64592687
-122.3172745,47.59310804
-122.3149706,47.61360638
-122.3322031,47.60637824
-122.3353245,47.60802995
-122.3332273,47.60890814
-122.326922,47.60288176
-122.3369233,47.60637452
-122.3280739,47.60751271
-122.3308894,47.6196709
-122.3252561,47.63442175
-122.3289401,47.58872543
-122.3187999,47.65812181
-122.3177704,47.65902436
-122.3170057,47.65284994
-122.313284,47.65092953
-122.3120764,47.65878251
-122.1989255,47.61439336
-122.1984842,47.61737668
-122.1982214,47.6130151
-122.3998121,47.66744271
-122.3288509,47.59752537
-122.3315308,47.59249949
-122.3315964,47.59743986
-122.3276827,47.60020995
-122.3276813,47.59963181
-122.3341657,47.57862171
-122.3189367,47.61409006
-122.3945215,37.79156258
-122.3975109,37.79101129
-122.3977281,37.79129372
-73.87069836,40.77035359
-122.411443,37.634548
-122.3437969,37.58930687
-122.3454612,37.58982121
-122.397733,37.639068
-122.3777416,37.60406625
-121.9057042,37.3622069
-121.928581,37.35464975
-121.9222996,37.37080933
-122.2952919,47.43308522
-122.2970715,47.41695924
-122.295536,47.43330929
-122.292817,47.45731907
-122.2954059,47.43056589
-122.296687,47.420735
-122.3241967,47.43919661
-122.2821386,47.4568434
-122.291302,47.445244
-122.2916009,47.46517581
-122.296413,47.44770076
-122.2927237,47.45784117
-122.2871268,47.46016066
-122.2955714,47.44392028
-122.295744,47.439144
-122.299008,47.42273243
-122.2987254,47.45093558
-122.2950871,47.45171444
-122.2950155,47.450665
-122.297451,47.442706
-122.297885,47.402252
-122.2839193,47.47830558
-122.283521,47.47659153
-122.3981881,37.78927106
-122.3984516,37.79050363
-122.3996922,37.79127246
-122.3996935,37.7918072
-122.4002843,37.79221204
-122.4011607,37.79113687
-122.3547355,47.65146271
-122.3453297,47.64893126
-122.3562394,47.6395891
-122.3712832,47.62886356
-122.3606232,47.62484181
-122.3580273,47.62355181
-122.3593354,47.62412271
-122.363809,47.62221226
-122.3271071,47.67834345
-122.3539829,47.66519541
-122.3500938,47.6653791
-122.3866094,47.67018361
-122.3860154,47.66946271
-122.383962,47.66946361
-122.3854767,47.66946361
-122.3961103,47.66750993
-122.381284,47.66830277
-122.3873326,47.66087142
-122.3499906,47.64870175
-122.3998638,37.78961073
-122.3130651,47.6639058
-122.3119788,47.66164265
-122.3141761,47.66217548
-122.3142527,47.66225548
-122.3399672,47.6113489
-122.3207341,47.66171722
-122.318416,47.66164723
-122.318114,47.6631191
-122.3132021,47.65911813
-122.3177734,47.65918819
-122.3168994,47.65731452
-122.339685,47.6140652
-122.3399199,47.61411502
-122.3423173,47.61207893
-122.3407772,47.61352441
-122.3413649,47.61150258
-122.33293,47.60945
-122.332254,47.60873712
-122.33308,47.60896
-122.3324713,47.60824629
-122.3353976,47.60799819
-122.3329205,47.60705569
-122.3336144,47.60588691
-122.3344594,47.60544452
-122.3348113,47.60529452
-122.3351074,47.60616638
-122.335998,47.60676543
-122.3507928,47.61355899
-122.3500508,47.61549362
-122.3468607,47.61590994
-122.3490713,47.61489441
-122.3491882,47.61436353
-122.3474038,47.61446638
-122.346885,47.613605
-122.3484961,47.61338712
-122.3483054,47.61326531
-122.3497846,47.61204899
-122.3442514,47.61553924
-122.3440312,47.61428989
-122.3458166,47.61144532
-122.3447818,47.61293452
-122.3475695,47.61077921
-122.3475507,47.61078723
-122.3452651,47.61083627
-122.3364351,47.60488908
-122.33455,47.6054
-122.33519,47.60354
-122.33464,47.60296
-122.3342833,47.60353696
-122.3357136,47.60175809
-122.3342427,47.60235729
-122.3329605,47.60213888
-122.3325467,47.60328819
-122.3335835,47.6058091
-122.331138,47.60682729
-122.33193,47.605
-122.3311328,47.60408644
-122.3323339,47.60435473
-122.3606494,47.62379904
-122.3291143,47.60195197
-122.3302912,47.60122617
-122.3342646,47.59978452
-122.3353735,47.59921633
-122.3309371,47.59830436
-122.32899,47.60071989
-122.32635,47.60051
-122.3263815,47.59884
-122.326378,47.59867995
-122.3270032,47.59835271
-122.3341345,47.59428995
-122.3351661,47.59034512
-122.3263854,47.59647904
-122.3263767,47.59685266
-122.3250874,47.59649904
-122.3250848,47.59684085
-122.328984,47.593464
-122.3332552,47.5875
-122.3338334,47.58821294
-122.3351179,47.58597
-122.3342376,47.58439181
-122.2983434,47.57591162
-122.3200292,47.6063809
-122.3162746,47.60922723
-122.3158507,47.61042351
-122.3155466,47.61561358
-122.314238,47.61463181
-122.3126774,47.62145852
-122.3209453,47.62443442
-122.3198855,47.62496218
-122.3213561,47.62108
-122.323436,47.6190209
-122.3234306,47.61700181
-122.3181201,47.61241
-122.3207955,47.61322915
-122.3222278,47.61557994
-122.3208062,47.61490989
-122.3194513,47.6149209
-122.3195479,47.62026904
-122.3304194,47.61914718
-122.330414,47.62043723
-122.3853208,47.58167538
-122.3864269,47.58346211
-122.3853841,47.56039452
-122.3855334,47.55963362
-122.3881567,47.56080086
-122.3454512,47.61278808
-122.3433613,47.61151627
-121.9072051,37.3516843
-121.8703797,37.32065604
-121.9222147,37.33473972
-122.3987007,37.79526524
-122.037015,37.371845
-122.0385563,37.37146609
-122.039395,37.37120853
-122.0392895,37.37072393
-122.03205,37.37786744
-122.0301649,37.37778059
-122.0309166,37.37802836
-122.083214,37.422984
-122.266406,37.796563
-122.2647526,37.79669663
-122.4452059,37.77604155
-122.4275932,37.76870741
-121.879933,37.33349425
-122.0312123,37.37703917
-121.9218727,37.33438943
-121.9296861,37.37022188
-121.9245251,37.3662369
-122.195558,47.61754301
-122.400777,37.790901
-122.397376,37.79276
-122.397516,37.79445
-122.400327,37.795463
-122.400713,37.791403
-122.398997,37.792323
-122.397519,37.79267
-122.397732,37.794556
-122.401612,37.794393
-122.398931,37.793688
-122.397079,37.796433
-122.401424,37.794089
-122.396778,37.796488
-122.400105,37.794305
-122.398082,37.795448
-122.402267,37.791908
-122.401702,37.794782
-122.395543,37.792231
-122.40134,37.794445
-122.402348,37.794853
-122.400592,37.795456
-122.400067,37.793339
-122.396723,37.795942
-122.396954,37.795494
-122.398808,37.796045
-122.399906,37.793343
-122.401112,37.793998
-122.400895,37.79228
-122.401384,37.793501
-122.401045,37.794813
-122.396718,37.794671
-122.39763,37.792593
-122.398948,37.790937
-122.400447,37.796044
-122.401592,37.794951
-122.401783,37.79587
-122.397247,37.792201
-122.401044,37.792242
-122.398919,37.794467
-122.396538,37.793787
-122.396918,37.792139
-122.398687,37.792501
-122.400443,37.79511
-122.401441,37.794957
-122.398541,37.79256
-122.396673,37.796322
-122.398774,37.792435
-122.397769,37.793892
-122.396477,37.794725
-122.397736,37.791193
-122.401868,37.795662
-122.397795,37.796221
-122.401136,37.795752
-122.398696,37.794298
-122.398557,37.791861
-122.396902,37.795577
-122.39838,37.796206
-122.397565,37.793679
-122.400851,37.791297
-122.397226,37.796353
-122.399255,37.795989
-122.399623,37.796058
-122.402825,37.793782
-122.401096,37.793258
-122.400491,37.795035
-122.399738,37.796879
-122.398034,37.792438
-122.398837,37.794001
-122.399326,37.79524
-122.403052,37.793882
-122.39909,37.79443
-122.399914,37.794141
-122.402344,37.791981
-122.400247,37.794216
-122.399004,37.790818
-122.402863,37.792973
-122.397914,37.794576
-122.401322,37.793593
-122.398145,37.795392
-122.1937803,47.61579102
-122.4330508,37.78494522
-122.1936522,47.6165712
-122.1937488,47.61432013
-122.1990998,47.61795434
-122.1935302,47.61128872
-122.2003,47.6166505
-122.4020753,37.79480989
-122.399599,37.78979461
-122.4037852,37.79500889
-122.4588476,37.7643703
-122.4407333,37.78511798
-122.4495169,37.78613229
-122.3996744,37.79169702
-122.4039187,37.79547189
-121.938007,37.349906
-121.9285868,37.35464831
-121.9369045,37.35323116
-121.9259738,37.35155362
-121.934596,37.35023345
-122.3974612,37.79293322
-122.39866,37.79266
-122.398693,37.79284155
-122.3987189,37.79294115
-122.4029242,37.79093339
-122.4017233,37.79349173
-122.400261,37.794466
-122.4007265,37.79496265
-122.3991428,37.7950047
-122.3979379,37.79505681
-122.3960611,37.79560171
-121.9677648,37.35224323
-121.9718504,37.35923703
-122.3946111,37.79297701
-122.397211,37.79454724
-122.4018313,37.79642664
-122.4318123,37.78150895
-122.4325982,37.78236273
-122.4379733,37.77310417
-122.435558,37.7682929
-122.4013451,37.70960228
-122.4523942,37.72732165
-122.4614038,37.76055033
-122.4531928,37.76729213
-122.4530963,37.76924171
-122.4407689,37.78229649
-122.4405449,37.78418368
-122.4518102,37.78703477
-122.439006,37.78347778
-122.4382409,37.78377667
-122.4530071,37.7743932
-122.4654298,37.78189159
-122.4751514,37.78093181
-122.4577385,37.78591449
-122.4567769,37.78630876
-73.98738585,40.76691955
-122.4817239,37.69801155
-122.4733739,37.69110382
-122.4710271,37.69099929
-122.4712548,37.69328261
-122.4681542,37.70762407
-122.4678464,37.70612963
-122.4688221,37.70668825
-122.467029,37.685484
-73.98540303,40.76117492
-73.98717664,40.76191696
-122.3228516,37.56311451
-122.337701,37.53413392
-122.3364571,37.53320835
-122.298059,37.53133
-73.98427986,40.76560774
-73.9802371,40.76310187
-73.98732685,40.76280476
-73.985283,40.76439697
-122.2316873,47.58849012
-122.1905905,47.58611392
-73.97560693,40.76366867
-73.98549154,40.76040088
-73.98515962,40.76679868
-73.9776662,40.76283371
-73.98249082,40.76568443
-73.97765078,40.76540561
-73.98511067,40.76267982
-73.97723772,40.76523141
-73.9874804,40.76286621
-73.98716524,40.76436955
-73.98398146,40.76302467
-73.9799592,40.76298594
-73.97715457,40.76261328
-73.98620434,40.76812468
-73.97972479,40.76710999
-122.0789617,37.394887
-122.080395,37.393736
-122.0806588,37.39228774
-122.0774576,37.39403302
-122.0783682,37.39356847
-122.0788591,37.3917763
-122.0799346,37.39001339
-122.0774925,37.39397335
-122.0779672,37.39186793
-122.0815346,37.39414702
-122.0822521,37.39072836
-122.4680409,37.77329604
-122.163383,37.44508058
-122.1626687,37.44365825
-122.162599,37.44357094
-122.1636719,37.44523197
-122.162379,37.44444192
-122.161624,37.44492745
-122.1603446,37.44415657
-122.1622396,37.44736676
-122.1623187,37.4463393
-122.1618801,37.44703563
-122.1595117,37.44596771
-122.1612512,37.44833672
-122.1585073,37.44788904
-122.1576355,37.44920871
-122.1620344,37.43320892
-122.1609303,37.43282615
-122.1724105,37.4322409
-122.1593981,37.42793829
-122.1737874,37.43402651
-122.1736175,37.43058171
-122.1750448,37.43738829
-122.1740603,37.43730464
-122.1703476,37.44084061
-122.3102517,47.60622007
-122.3116111,47.60719649
-122.1420264,37.42917738
-122.1642713,37.44282666
-122.142319,37.42332459
-122.1594326,37.44938651
-122.2344956,37.48730117
-122.2275436,37.48442484
-122.2269464,37.48413478
-122.2273887,37.48647971
-122.2273705,37.48761436
-122.1650074,37.42941884
-122.2537573,37.48141284
-122.2330378,37.48523297
-122.3207874,47.61264655
-122.3265705,47.60676795
-122.346964,47.64872458
-122.3545034,47.6520191
-122.3506513,47.64656711
-122.3149327,47.61761904
-122.3089773,47.59973011
-122.321509,47.6231401
-122.176461,37.433133
-122.3430704,47.61427129
-122.3304307,47.61931452
-122.3315465,47.59986718
-122.3298052,47.62203876
-122.3023807,47.59867718
-122.2931513,47.56293338
-122.3762443,47.635978
-122.3147967,47.61528181
-122.3304994,47.60869803
-122.32077,47.61202
-122.3288027,47.60829819
-122.3181861,47.61699079
-122.3252505,47.63441361
-122.3285136,47.60694868
-122.3478239,47.61238819
-122.3341562,47.586649
-122.3297886,47.62314737
-122.3142773,47.61662542
-122.3184093,47.66179735
-122.3372441,47.66148568
-122.3173479,47.6826216
-122.3403085,47.61206899
-122.3283412,47.60779457
-122.3799511,47.6553009
-122.383903,47.66582319
-122.34482,47.61647994
-122.3208471,47.61792169
-122.3208462,47.61774706
-122.3467745,47.61169049
-122.3451199,47.61094942
-122.3291135,47.60472367
-122.330038,47.60532808
-122.3284616,47.60458628
-122.3270149,47.60080013
-122.32636,47.6007
-122.37491,47.65481
-122.2990106,47.41547337
-122.3297719,47.62266321
-122.350848,47.61307622
-122.3276639,47.60021356
-122.db_port997,47.60938914
-122.3200263,47.61573488
-122.3339339,47.60467119
-122.3331894,47.60399995
-122.3341738,47.57661267
-122.3341527,47.59313809
-122.3342616,47.58078266
-122.330943,47.60494478
-122.3324023,47.60215981
-122.3244361,47.60321904
-122.3338957,47.49806185
-122.25041,47.50196
-122.3436713,47.51736784
-122.364542,47.57330543
-122.32357,47.72578
-122.320074,47.6764309
-122.3285,47.70263
-122.2990617,47.7197214
-122.32362,47.73579
-122.3578658,47.51720764
-122.3359274,47.52013266
-122.2957464,47.43643959
-122.2979821,47.4339171
-122.20786,47.71039
-122.1856378,47.66705279
-122.1876884,47.71726906
-122.1970426,47.72916789
-122.1959978,47.64324122
-122.18786,47.67890168
-122.3357452,47.60688
-122.1233726,47.67663807
-122.101285,47.67312883
-122.1376973,47.63225365
-122.1312882,47.70399933
-122.3327087,47.60754271
-122.3992198,37.79007581
-122.3998759,37.79279439
-122.3998423,37.7925278
-122.3985422,37.79207162
-122.32681,47.60668
-122.3276551,47.60148181
-73.98689434,40.76754624
-122.387563,47.634654
-122.3975511,37.79108918
-122.3304428,47.62164819
-122.3598589,47.62212627
-122.1626419,37.44556843
-122.332424,47.598292
-122.333186,47.603946
-122.2847414,37.87416583
-122.3000119,37.9031556
-121.8992094,37.4137407
-121.9150046,37.41321416
-122.17656,37.435966
-122.1627733,37.44269356
-122.1641506,37.44456969
-122.1589673,37.44516596
-122.1590719,37.44530118
-122.0761581,37.39390516
-122.1697789,37.44190385
-122.1708575,37.44035739
-122.1730985,37.44149248
-122.1731266,37.4428405
-122.1731132,37.44368913
-121.9461554,37.32418187
-122.1720296,37.44545024
-122.1708548,37.44452071
-122.1703237,37.44413421
-122.1693715,37.44290972
-122.4112847,37.65647982
-73.982576,40.763842
-122.3181671,47.61584978
-122.1960954,47.61451411
-122.1962339,47.61283202
-122.2065309,47.61743182
-122.1963304,47.61472425
-122.2001606,47.61931936
-122.1991159,47.61884567
-122.2033189,47.62100886
-122.1953823,47.61198941
-122.1990475,47.61795162
-122.3840247,37.60052384
-122.4063742,37.62102689
-122.4182193,37.63935788
-122.406102,37.655647
-121.9195544,37.36240426
-121.921241,37.362649
-121.9225067,37.36379956
-121.932426,37.373739
-121.9234525,37.36851301
-121.9086702,37.36226546
-122.4379271,37.7843363
-122.435571,37.7848854
-122.4404997,37.78518729
-122.332752,47.605224
-122.332984,47.601303
-122.349246,47.614252
-122.313196,47.656971
-122.349682,47.612967
-122.324718,47.68064
-122.332848,47.602712
-122.325009,47.598018
-122.325013,47.598574
-122.328625,47.606846
-122.342099,47.613332
-122.313862,47.663054
-122.319845,47.611766
-122.321396,47.625518
-122.316888,47.606854
-122.327398,47.59841
-122.34597,47.612108
-122.330149,47.599714
-122.3315,47.599603
-122.331686,47.599527
-122.331677,47.600658
-122.348166,47.615449
-122.333796,47.609993
-122.327608,47.598075
-122.341978,47.615299
-122.336306,47.606705
-122.309605,47.607972
-122.356407,47.620979
-122.342394,47.611187
-122.33047,47.619195
-122.327395,47.597569
-122.333646,47.600933
-122.31928,47.612891
-122.31901,47.612218
-122.358178,47.624659
-122.343005,47.613728
-122.38709,47.668753
-122.379071,47.6686
-122.379548,47.668754
-122.335303,47.601797
-122.327327,47.600837
-122.320732,47.625092
-122.329251,47.620704
-122.327678,47.605495
-122.31946,47.612345
-122.333748,47.610263
-122.332102,47.60859
-122.341429,47.612081
-122.34636,47.611695
-122.330377,47.621128
-122.317425,47.676414
-122.308991,47.606464
-122.317892,47.612892
-122.345137,47.611247
-122.316524,47.661465
-122.333892,47.601675
-122.330397,47.623228
-122.320651,47.619955
-122.384842,47.668299
-122.336,47.609348
-122.345719,47.615708
-122.334048,47.596181
-122.345848,47.614088
-122.336161,47.602741
-122.349221,47.614891
-122.3468,47.613462
-122.356805,47.625455
-122.326985,47.606563
-122.325679,47.599118
-122.32802,47.607211
-122.332625,47.606262
-122.34722,47.614895
-122.313586,47.656873
-122.316687,47.606562
-122.db_port16,47.626829
-122.329239,47.618286
-122.331493,47.600419
-122.346252,47.611985
-122.db_port62,47.626017
-122.313115,47.65991
-122.331972,47.606734
-122.334767,47.607339
-122.342518,47.61123
-122.326728,47.606102
-122.323353,47.680819
-122.334288,47.599709
-122.388438,47.668614
-122.388849,47.668737
-122.313077,47.661412
-122.31318,47.662743
-122.317558,47.65354
-122.31742,47.653511
-122.353844,47.625505
-122.343209,47.614081
-122.346978,47.613109
-122.333795,47.606768
-122.315635,47.663156
-122.33167,47.624359
-122.34276,47.614767
-122.319532,47.614259
-122.355502,47.62347
-122.336389,47.604882
-122.322421,47.611345
-122.320788,47.616581
-122.346575,47.613495
-122.355124,47.624512
-122.331798,47.605555
-122.356656,47.624738
-122.333293,47.594005
-122.312098,47.658909
-122.312752,47.66314
-122.343714,47.615482
-122.335133,47.600851
-122.322418,47.61042
-122.324813,47.598408
-122.34925,47.612585
-122.32933,47.627016
-122.344738,47.611084
-122.34188,47.613373
-122.355955,47.624653
-122.342041,47.611987
-122.318312,47.674943
-122.325866,47.60711
-122.320801,47.621294
-122.331864,47.626821
-122.34864,47.613595
-122.33247,47.600927
-122.333155,47.602106
-122.38207,47.66896
-122.346142,47.612056
-122.380228,47.667341
-122.335732,47.607933
-122.320585,47.614019
-122.321959,47.615301
-122.320612,47.615195
-122.31795,47.61416
-122.358321,47.623244
-122.334091,47.598431
-122.325609,47.680385
-122.329703,47.607697
-122.327162,47.604751
-122.33219,47.60868
-122.32719,47.608155
-122.317103,47.67577
-122.316055,47.675888
-122.332309,47.60234
-122.324992,47.679261
-122.348753,47.613595
-122.348875,47.613511
-122.337548,47.604418
-122.313251,47.654384
-122.358183,47.625772
-122.317462,47.676766
-122.326304,47.598505
-122.35668,47.62201
-122.345376,47.616303
-122.341612,47.613926
-122.325079,47.679863
-122.331802,47.6236
-122.317365,47.663271
-122.317711,47.658719
-122.319534,47.615317
-122.319659,47.612999
-122.330907,47.626103
-122.330805,47.626075
-122.356669,47.623393
-122.387462,47.668905
-122.34765,47.614354
-122.334104,47.601567
-122.348108,47.614232
-122.337724,47.606326
-122.335106,47.603333
-122.345271,47.613893
-122.344807,47.613459
-122.316048,47.65243
-122.331375,47.604698
-122.316676,47.66048
-122.326973,47.600088
-122.335418,47.60004
-122.335085,47.60092
-122.314175,47.663245
-122.330286,47.601501
-122.331163,47.598315
-122.33188,47.598308
-122.335119,47.598308
-122.33349,47.608871
-122.325132,47.598027
-122.313794,47.651744
-122.331325,47.600024
-122.345319,47.614253
-122.333349,47.601908
-122.352733,47.624702
-122.329026,47.609755
-122.334537,47.607328
-122.352471,47.625497
-122.330228,47.620784
-122.313243,47.65946
-122.333965,47.608518
-122.330362,47.619867
-122.330487,47.620238
-122.327385,47.597479
-122.325967,47.600915
-122.333885,47.600837
-122.320296,47.612898
-122.319149,47.612997
-122.321409,47.612955
-122.319236,47.612145
-122.319858,47.615202
-122.346218,47.615629
-122.342478,47.613254
-122.326289,47.599613
-122.324685,47.605482
-122.356994,47.624655
-122.357449,47.625767
-122.35786,47.624531
-122.384944,47.669506
-122.313334,47.656392
-122.31338,47.654954
-122.332376,47.626005
-122.347275,47.61608
-122.345014,47.616249
-122.325091,47.679771
-122.331668,47.623299
-122.328981,47.608667
-122.321723,47.62105
-122.319003,47.615207
-122.321497,47.614018
-122.32255,47.613021
-122.326327,47.631916
-122.31692,47.613113
-122.333223,47.601773
-122.335973,47.603803
-122.331652,47.619948
-122.342542,47.614764
-122.34425,47.613441
-122.328075,47.606114
-122.314459,47.652014
-122.319843,47.61226
-122.319177,47.611768
-122.380595,47.668603
-122.34303,47.61478
-122.347651,47.610891
-122.346442,47.61017
-122.347516,47.610618
-122.32775,47.597367
-122.355513,47.622245
-122.344193,47.611926
-122.334542,47.602775
-122.316884,47.609526
-122.316434,47.663238
-122.358053,47.621273
-122.358129,47.621161
-122.345839,47.614226
-122.314201,47.661895
-122.329267,47.624394
-122.329253,47.62135
-122.316886,47.608645
-122.318084,47.614235
-122.357994,47.620383
-122.325009,47.599827
-122.335283,47.599256
-122.356656,47.622232
-122.356826,47.622231
-122.324828,47.600078
-122.31205,47.663235
-122.320725,47.610319
-122.35709,47.622078
-122.332631,47.625249
-122.324667,47.598302
-122.334559,47.598318
-122.325974,47.608518
-122.329006,47.601868
-122.322072,47.615788
-122.33059,47.60613
-122.347373,47.61513
-122.344155,47.613231
-122.3847,47.66961
-122.384808,47.669653
-122.331471,47.59902
-122.315393,47.661438
-122.331933,47.626905
-122.328268,47.60009
-122.312048,47.662676
-122.312427,47.655362
-122.331482,47.620783
-122.313208,47.660961
-122.35417,47.623588
-122.328145,47.61
-122.32942,47.609479
-122.3485,47.614946
-122.320143,47.615315
-122.323932,47.615175
-122.317955,47.614038
-122.323102,47.615294
-122.31966,47.615317
-122.358188,47.624528
-122.342933,47.611182
-122.33301,47.609635
-122.327603,47.598573
-122.358027,47.619383
-122.323302,47.680743
-122.325563,47.680309
-122.329032,47.606965
-122.314878,47.663072
-122.316599,47.663125
-122.312842,47.659835
-122.329246,47.607565
-122.330316,47.621952
-122.330177,47.619719
-122.354164,47.625064
-122.313184,47.66371
-122.31319,47.656378
-122.38008,47.667321
-122.347099,47.616156
-122.327963,47.630398
-122.330813,47.604067
-122.326191,47.597472
-122.379276,47.667678
-122.343427,47.614077
-122.344649,47.612995
-122.317748,47.65768
-122.385025,47.670142
-122.324247,47.679826
-122.337122,47.606284
-122.329046,47.608751
-122.316986,47.6598
-122.319257,47.614153
-122.31688,47.607417
-122.320443,47.608035
-122.331766,47.621375
-122.382546,47.668604
-122.34245,47.614678
-122.332505,47.604352
-122.325221,47.606394
-122.332749,47.603144
-122.314295,47.658495
-122.384681,47.667973
-122.331638,47.601185
-122.319005,47.611981
-122.331663,47.604831
-122.348055,47.61214
-122.327617,47.597112
-122.336598,47.605113
-122.358091,47.625077
-122.319287,47.612031
-122.319422,47.611937
-122.344479,47.612262
-122.341451,47.611614
-122.321575,47.60785
-122.320794,47.620647
-122.34623,47.613289
-122.35799,47.623405
-122.316952,47.614384
-122.31688,47.610649
-122.316666,47.656429
-122.318239,47.615473
-122.32512,47.599651
-122.329959,47.600929
-122.320826,47.622635
-122.358148,47.619397
-122.334285,47.599096
-122.312696,47.659753
-122.327474,47.608609
-122.344018,47.61171
-122.330315,47.619625
-122.328729,47.601669
-122.351567,47.62507
-122.349031,47.613145
-122.326452,47.597342
-122.344054,47.615522
-122.329312,47.601117
-122.31302,47.658303
-122.312372,47.658344
-122.317984,47.615221
-122.322001,47.619951
-122.316693,47.611689
-122.316883,47.611794
-122.33039,47.622183
-122.383774,47.668605
-122.33039,47.605231
-122.332043,47.604431
-122.377748,47.668614
-122.347619,47.614242
-122.334092,47.600678
-122.334302,47.600619
-122.355338,47.623392
-122.348137,47.614416
-122.316699,47.609631
-122.313091,47.655944
-122.317088,47.65281
-122.320776,47.618963
-122.320989,47.620467
-122.348847,47.614832
-122.345994,47.612984
-122.337024,47.605578
-122.318214,47.614224
-122.327319,47.599984
-122.311914,47.663202
-122.312421,47.65684
-122.333654,47.60277
-122.330296,47.600594
-122.330308,47.601062
-122.345072,47.614781
-122.332957,47.598984
-122.332752,47.601231
-122.313295,47.6577
-122.337885,47.606923
-122.337858,47.607023
-122.33602,47.609062
-122.327993,47.602128
-122.343425,47.610507
-122.324842,47.680635
-122.345384,47.611468
-122.336295,47.602973
-122.34998,47.613011
-122.348964,47.612546
-122.321746,47.612248
-122.334058,47.604026
-122.334353,47.604191
-122.333335,47.597793
-122.330857,47.605911
-122.336902,47.607091
-122.33525,47.605339
-122.314055,47.655409
-122.313493,47.663137
-122.31399,47.658365
-122.314333,47.656965
-122.320772,47.615649
-122.327424,47.598309
-122.330582,47.626904
-122.326919,47.608534
-122.382198,47.668856
-122.3826,47.6695
-122.327759,47.598028
-122.325651,47.679928
-122.320314,47.614142
-122.309701,47.60613
-122.310049,47.606226
-122.313333,47.6557
-122.347665,47.612804
-122.337143,47.603977
-122.320397,47.624224
-122.343665,47.61412
-122.386786,47.668611
-122.326449,47.599911
-122.333674,47.605728
-122.324697,47.680271
-122.32477,47.679256
-122.349812,47.614075
-122.350057,47.613776
-122.330042,47.625149
-122.349335,47.61306
-122.379139,47.667686
-122.384839,47.669359
-122.326305,47.597247
-122.317448,47.676374
-122.317297,47.674298
-122.355255,47.62323
-122.331382,47.601676
-122.356513,47.62324
-122.387503,47.669599
-122.315682,47.663122
-122.317937,47.615328
-122.319022,47.614028
-122.321212,47.614134
-122.345405,47.611401
-122.316738,47.613069
-122.332572,47.601673
-122.321504,47.609925
-122.356807,47.623505
-122.383276,47.668752
-122.382779,47.668755
-122.314433,47.659117
-122.331385,47.603833
-122.3815,47.66875
-122.331433,47.60612
-122.334121,47.591766
-122.316697,47.610647
-122.318271,47.617731
-122.335424,47.602953
-122.324844,47.59998
-122.335251,47.600035
-122.316526,47.656878
-122.315956,47.656906
-122.335561,47.602951
-122.345591,47.615257
-122.326171,47.598314
-122.33611,47.602973
-122.347506,47.615753
-122.336763,47.607381
-122.342641,47.612791
-122.33169,47.598928
-122.343829,47.61287
-122.334842,47.604888
-122.321355,47.610292
-122.314484,47.657088
-122.320845,47.623844
-122.321031,47.623745
-122.320996,47.621192
-122.320731,47.611478
-122.316693,47.607161
-122.312067,47.660406
-122.333363,47.598254
-122.343728,47.611945
-122.352901,47.624734
-122.325877,47.680804
-122.322347,47.611466
-122.317744,47.657463
-122.34696,47.61617
-122.348549,47.614811
-122.313154,47.658444
-122.330377,47.619025
-122.3243,47.615286
-122.32031,47.623099
-122.322988,47.615177
-122.342733,47.611222
-122.358121,47.622419
-122.334077,47.598129
-122.334104,47.59966
-122.334091,47.5933
-122.326304,47.597951
-122.326464,47.59822
-122.328604,47.609669
-122.327681,47.608659
-122.326791,47.607865
-122.314541,47.663149
-122.385192,47.668608
-122.38536,47.668757
-122.332247,47.602485
-122.35697,47.623244
-122.356967,47.623326
-122.322191,47.614226
-122.337548,47.604418
-122.354056,47.625088
-122.324639,47.679305
-122.346473,47.611702
-122.384687,47.668909
-122.344142,47.615434
-122.335195,47.608472
-122.345797,47.616373
-122.332949,47.608102
-122.317309,47.675097
-122.356555,47.623336
-122.316947,47.659889
-122.329259,47.622104
-122.334772,47.601798
-122.347125,47.611798
-122.331588,47.603632
-122.332658,47.603296
-122.334405,47.6077
-122.33318,47.606226
-122.347857,47.612427
-122.345895,47.615713
-122.337946,47.60657
-122.334949,47.603437
-122.334293,47.602675
-122.315555,47.660019
-122.314319,47.662883
-122.320863,47.62477
-122.321052,47.624442
-122.358137,47.619909
-122.316685,47.608495
-122.335506,47.602933
-122.335341,47.599232
-122.315443,47.656825
-122.314296,47.664717
-122.333967,47.603628
-122.334047,47.602718
-122.330244,47.599503
-122.357128,47.622158
-122.332512,47.625218
-122.337147,47.604262
-122.325965,47.600081
-122.332787,47.5986
-122.336651,47.60893
-122.346341,47.611497
-122.344107,47.610853
-122.349442,47.614253
-122.336311,47.606395
-122.35638,47.624517
-122.342046,47.611819
-122.332269,47.601916
-122.313953,47.656813
-122.320916,47.6162
-122.317728,47.675028
-122.349667,47.611903
-122.332664,47.60084
-122.31193,47.661954
-122.343852,47.611972
-122.32803,47.608077
-122.4601546,37.76198968
-122.3156565,47.67558145
-122.329783,47.62314033
-122.3314949,47.60452777
-122.335058,47.59735196
-122.3506232,47.65147112
-122.3495787,47.64857932
-122.349513,47.64849711
-122.3342734,47.57636162
-122.3674697,47.62596883
-122.2068661,47.61563281
-122.2016212,47.61862194
-122.3115528,47.60638096
-122.3142167,47.61350007
-122.3155466,47.6151148
-122.3215896,47.62199415
-122.1936165,47.61787777
-122.1988101,47.61151113
-122.1989515,47.6163549
-122.234685,37.487398
-122.4480423,37.7872229
-122.3064458,47.65048819
-122.3058853,47.64956758
-122.3067704,47.64989192
-122.2341071,37.48708164
-122.3233323,37.56246407
-122.3353077,37.53769654
-122.3546972,47.54879109
-122.169857,37.43401932
-122.170501,37.431953
-122.1695765,37.43161441
-122.1673526,37.43091533
-122.1642257,37.43136019
-121.9488832,37.32055419
-122.16068,37.449011
-122.159111,37.44855
-122.159623,37.448034
-122.159307,37.448134
-122.160319,37.447309
-122.158826,37.448131
-122.158053,37.447329
-122.15864,37.446961
-122.159368,37.445994
-122.159882,37.44674
-122.161242,37.446224
-122.160845,37.447465
-122.162665,37.44684
-122.163375,37.44598
-122.161937,37.445684
-122.162384,37.445217
-122.161737,37.44571
-122.161402,37.445844
-122.160476,37.44526
-122.161796,37.445091
-122.1609,37.444621
-122.161307,37.444063
-122.160516,37.444185
-121.9491823,37.32261521
-121.9488662,37.31915913
-121.9462513,37.31941514
-121.947915,37.321188
-122.162909,37.444513
-122.163351,37.444258
-122.163135,37.443979
-122.162599,37.443533
-122.162072,37.443454
-122.161627,37.444031
-122.161896,37.444192
-122.161874,37.444062
-122.162236,37.444279
-122.161289,37.443698
-122.161307,37.443811
-122.160815,37.443379
-122.160844,37.442642
-122.16105,37.442657
-122.2924104,37.50881564
-122.2771682,37.52148982
-122.2920327,37.51282293
-122.2842963,37.51125024
-122.4833315,37.78212372
-122.4539647,37.77298226
-122.396992,37.791967
-122.4037363,37.79500931
-122.2591967,37.50557585
-122.2612198,37.50506824
-122.260053,37.50481291
-122.2581835,37.50250846
-122.2586502,37.50437564
-122.2617959,37.50404668
-122.3300476,47.62686134
-122.400404,37.791189
-122.400621,37.791249
-122.3258485,47.70240334
-122.3258271,47.7031933
-122.4680234,37.70689515
-122.4706674,37.7039407
-122.4692821,37.70844157
-74.04327071,40.77585167
-74.14113343,40.826496
-121.904948,37.355577
-121.904294,37.354695
-121.905977,37.352724
-121.906562,37.353488
-121.904923,37.35081
-121.904579,37.350174
-121.90367,37.349145
-121.903797,37.349247
-121.903236,37.348808
-121.903395,37.348937
-121.903035,37.349201
-121.903207,37.349116
-121.902438,37.349877
-121.902561,37.350028
-121.902104,37.350934
-121.902662,37.350438
-121.903487,37.349912
-121.903828,37.349705
-121.902408,37.350644
-121.904426,37.349348
-121.904999,37.348999
-121.907063,37.348759
-121.90467,37.352712
-121.902735,37.353691
-121.904393,37.353053
-73.97688635,40.76331671
-73.97640355,40.76311558
-122.3257429,37.56184761
-122.1989314,47.61455481
-122.3253407,37.56559329
-122.3243576,37.56607696
-122.3236361,37.56539237
-122.2980338,37.53775625
-122.3645249,37.5944685
-122.3451233,37.57953368
-122.3498887,37.57663618
-122.3484206,37.57686838
-122.3481161,37.57706576
-122.3488851,37.57590932
-122.3504931,37.57771408
-122.3498506,37.57822062
-122.3460647,37.57701471
-122.3463276,37.576225
-122.345075,37.57669266
-122.3442864,37.57746431
-122.3455967,37.58018413
-122.3457129,37.58018714
-122.3475078,37.58075805
-122.3467755,37.57979939
-122.3483486,37.57886515
-122.3482776,37.57887472
-122.3479812,37.57909685
-122.3457925,37.57884389
-122.3466951,37.57814985
-122.363416,37.58658526
-122.3653927,37.58473714
-122.366365,37.58526639
-122.3657401,37.58589979
-122.3645977,37.587686
-122.4335772,37.73347252
-122.442808,37.66267001
-122.445086,37.66518494
-122.2020073,47.61121278
-122.202879,47.61096595
-122.202923,47.610471
-122.203998,47.610124
-122.203285,47.610216
-122.2041236,47.61038098
-122.204077,47.610678
-122.204865,47.610135
-122.204901,47.610229
-122.205715,47.610241
-122.206481,47.611193
-122.198753,47.610833
-122.197596,47.611787
-122.19912,47.612049
-122.200289,47.612771
-122.198479,47.61205
-122.196611,47.612074
-122.193893,47.612043
-122.1936361,47.61155815
-122.194005,47.612465
-122.195432,47.612479
-122.192519,47.612051
-122.191256,47.612035
-122.1918498,47.61196771
-122.192404,47.613214
-122.1923326,47.61341244
-122.19883,47.614811
-122.198866,47.616495
-122.199021,47.620162
-122.199198,47.620478
-122.1983609,47.62071598
-122.1962808,47.61965112
-122.193546,47.619527
-122.193758,47.620805
-122.191265,47.620116
-122.1931909,47.62009496
-122.1920644,47.61982106
-122.19354,47.617627
-122.193545,47.618634
-122.19375,47.619052
-122.194165,47.618617
-122.194265,47.618988
-122.0129994,37.32566265
-122.0155317,37.3376986
-122.0413618,37.33629386
-122.030755,37.33116799
-122.0619746,47.54124893
-74.079386,40.842872
-74.06258225,40.86428009
-74.05141689,40.87920832
-74.05188091,40.8794821
-74.11725909,40.81041499
-74.121166,40.814512
-74.12296146,40.81552862
-74.13070402,40.83147887
-122.4965876,37.60832723
-122.5025193,37.59732873
-122.115232,37.381072
-122.115368,37.380679
-122.116148,37.380347
-122.11614,37.380245
-122.117173,37.379834
-122.118218,37.3793
-122.118923,37.37926
-122.11879,37.379089
-122.117943,37.378952
-122.117844,37.378904
-122.118205,37.378722
-122.116925,37.379456
-122.116818,37.379414
-122.117168,37.37924
-122.116535,37.379876
-122.115581,37.380132
-122.1154903,37.38010293
-122.116174,37.37974
-122.115939,37.379853
-122.115168,37.380338
-122.115034,37.380402
-122.114744,37.380813
-122.1146114,37.380932
-122.114727,37.380352
-122.115076,37.379242
-122.114896,37.37999
-122.115023,37.379549
-122.1155187,37.37895456
-122.116277,37.378643
-122.116132,37.378575
-122.117277,37.378152
-122.1169158,37.37824154
-122.117603,37.377989
-122.11594,37.378812
-122.116488,37.378395
-122.117539,37.377871
-122.117245,37.37807915
-122.119332,37.379782
-122.1156596,37.38001215
-122.1159875,37.37925125
-122.1170443,37.37875357
-122.116918,37.377685
-122.115888,37.378187
-122.114988,37.378657
-122.114377,37.380512
-122.117059,37.376973
-122.116853,37.376787
-122.1168754,37.37671221
-122.1285939,37.36317469
-122.1252148,37.35986523
-122.123573,37.36154
-122.1260083,37.36363197
-122.1168,37.376544
-122.116002,37.37573
-122.3861383,37.59849968
-122.3628205,37.58730047
-122.3457335,37.58018997
-122.322122,37.56706398
-122.3084737,37.55290005
-122.2975892,37.5390616
-122.2754301,37.52015491
-122.1982147,37.46448549
-122.4079835,37.62465436
-122.3446029,37.58022983
-122.2966799,37.53657743
-122.1087912,37.40740996
-121.9969645,37.37105247
-121.9960405,37.37073912
-121.9360266,37.35281806
-121.8852498,37.31026422
-121.8405099,37.28459369
-121.7963822,37.25340216
-74.03186906,40.7867334
-74.0301007,40.82552939
-122.2253338,37.48829348
-122.2703697,37.85233794
-122.2828996,37.87321923
-122.283817,37.873603
-122.2528249,37.84363396
-122.2532429,37.84467476
-122.2508783,37.8453213
-122.4439143,37.66486718
-122.4422434,37.66341163
-122.3258072,47.70201681
-122.3357331,47.75604331
-122.3427406,47.77426805
-122.3214201,47.75535266
-122.334939,47.75966773
-122.307395,47.73455369
-122.3019379,47.73459788
-122.3473209,47.76659585
-122.3339022,47.45298121
-122.3376952,47.46868251
-122.3356992,47.42930793
-122.3237213,47.57200589
-122.4604115,47.45193909
-122.4605493,47.42300074
-122.4603071,47.4660302
-122.2036935,47.75955752
-122.1887444,47.74139084
-122.2598018,47.75940374
-122.2402518,47.75688662
-122.2412306,47.75714845
-122.1432657,47.62069267
-122.1648826,47.59161215
-122.1364719,47.57031595
-122.1521551,47.58149858
-122.2116744,47.61738195
-122.170499,47.56379632
-122.1409904,47.5853712
-122.2016453,47.63784848
-122.1859349,47.60406716
-122.238462,47.636839
-122.2268886,47.57696014
-122.2451137,47.5897939
-122.2243616,47.54206243
-122.0335764,47.60176671
-122.0378406,47.58231648
-122.1795897,47.55152396
-122.189201,47.55626334
-122.2199813,47.47987504
-122.1666586,47.430349
-122.2019,47.51821847
-122.1542656,47.44336414
-122.1376602,47.46372964
-122.2080083,47.48112453
-122.2166036,47.47830869
-122.183521,47.50672869
-122.2126907,47.472527
-122.0575625,47.54002247
-122.0611704,47.54107551
-122.293335,47.356664
-122.2287078,47.32124964
-122.3062245,47.31790272
-122.3020316,47.31297409
-122.3254803,47.31515163
-122.3098523,47.35433093
-122.326679,47.32206645
-122.1867858,47.39925883
-122.1801832,47.3869259
-122.2882004,47.39321532
-122.243492,47.38614074
-122.2340435,47.38415603
-122.1933755,47.37970392
-122.1655341,47.36131189
-122.2919372,47.3617956
-122.299501,47.35922644
-122.2864419,47.47015718
-122.2869128,47.46508968
-122.2680565,47.48179828
-122.2684075,47.48153919
-122.2401606,47.46120637
-122.315099,47.7848921
-122.3263748,47.60069248
-122.3424074,47.61304468
-122.3175431,47.6104039
-122.3447583,47.6165214
-122.3291123,47.58735347
-122.3346035,47.58818563
-122.3359362,47.59030243
-122.3327143,47.59026262
-122.3250593,47.59768656
-122.31486,47.61413652
-122.3202622,47.621087
-122.3317538,47.624662
-122.3484116,47.61624409
-122.3580204,47.62517442
-122.400806,37.634191
-121.907472,37.36457499
-121.9093247,37.36706334
-122.2444968,47.460407
-122.294464,47.447298
-122.3163667,47.47775632
-122.2955323,47.435679
-122.295138,47.443959
-122.2951251,47.57585767
-122.1935334,47.61307218
-122.199052,47.61812285
-122.1999793,47.61760404
-122.198918,47.61466711
-122.1976574,47.61467529
-122.197438,47.6139701
-122.2295736,37.49014
-122.4704547,37.68464114
-122.196338,47.61643778
-122.4706487,37.70090859
-122.4707359,37.70284961
-122.196319,47.61601782
-122.2963063,47.4464407
-122.3029261,47.53783877
-121.9376581,37.34892326
-122.1640098,37.43252896
-122.3400478,47.61483248
-122.196228,47.61328589
-122.4118102,37.65657107
-122.4106463,37.65632575
-122.4089543,37.6549252
-122.411333,37.654379
-122.4120005,37.65451451
-122.4039419,37.79317121
-122.1964973,47.61656974
-122.400554,37.792208
-122.396702,37.793699
-122.402651,37.792827
-122.399864,37.792352
-122.39952,37.79146
-122.402285,37.792977
-122.398381,37.793493
-122.400464,37.793221
-122.400082,37.792183
-122.399681,37.791469
-122.395364,37.793648
-122.396747,37.793563
-122.398367,37.793361
-122.400914,37.793035
-122.39973,37.793189
-122.399048,37.7934
-122.395556,37.79363
-122.399707,37.792374
-122.202719,47.611884
-122.2036671,47.6192333
-122.193651,47.62060715
-122.379354,47.666593
-122.379376,47.666722
-122.381748,47.665252
-122.381211,47.664624
-122.384964,47.667655
-122.384983,47.667813
-122.382071,47.667939
-122.382365,47.668106
-122.38223,47.668153
-122.355162,47.623323
-122.33159,47.623085
-122.333671,47.60002
-122.337416,47.606001
-122.335806,47.601529
-122.38183,47.665148
-122.381141,47.664729
-122.382383,47.667964
-122.316564,47.660015
-122.353975,47.624517
-122.331533,47.622014
-122.331501,47.623163
-122.320729,47.609403
-122.336986,47.604397
-122.47732,37.78145596
-122.3649886,47.62397302
-122.3239857,47.61885614
-122.320822,47.61090279
-122.31228,47.61852181
-122.3113874,47.62098854
-122.3155374,47.61451399
-122.334241,47.58901019
-122.3291861,47.58668347
-122.3132613,47.65716697
-122.3132043,47.65707258
-122.3197864,47.66114403
-122.3290352,47.58718514
-122.3290432,47.58741763
-122.360463,37.59115082
-122.185371,37.450775
-122.185573,37.450288
-122.185982,37.449804
-122.185883,37.449919
-122.185312,37.450862
-122.058477,37.392315
-122.185084,37.450881
-122.184864,37.451137
-122.078941,37.370155
-122.185007,37.451213
-122.184108,37.452065
-122.18449,37.45184
-122.0307755,37.37601493
-122.183939,37.452264
-122.183574,37.452951
-122.183375,37.453188
-122.183114,37.453242
-122.183336,37.453101
-122.183273,37.452731
-122.18252,37.452325
-122.182689,37.452508
-122.183039,37.451705
-122.183092,37.451645
-122.183611,37.451026
-122.184497,37.451401
-122.184155,37.450316
-122.184208,37.450263
-122.184733,37.449638
-122.18564,37.450027
-122.186205,37.449968
-122.186291,37.449908
-122.185234,37.451147
-122.185741,37.451415
-122.186363,37.451745
-122.185702,37.452307
-122.184887,37.451876
-122.184675,37.451861
-122.186473,37.451725
-122.186296,37.451931
-122.1853834,37.45307167
-122.185757,37.452573
-122.185109,37.453409
-122.185229,37.453383
-122.184808,37.449425
-122.184177,37.450153
-122.183732,37.45069
-122.183424,37.451062
-122.182543,37.452009
-122.2983292,37.55225703
-122.2582943,37.50346692
-122.2570453,37.5030517
-122.257432,37.504092
-122.3759337,37.60422813
-122.3872672,37.59913825
-122.3492983,37.59001475
-122.3489322,37.58980356
-122.3417382,37.58960037
-122.347874,37.578064
-122.347049,37.578667
-122.347924,37.577946
-122.34602,37.579275
-122.345641,37.579539
-122.346055,37.579358
-122.346395,37.580182
-122.347111,37.58017
-122.346852,37.579937
-122.347257,37.580182
-122.346337,37.57935
-122.346981,37.579807
-122.348731,37.578513
-122.348264,37.578869
-122.348727,37.578402
-122.348763,37.578437
-122.349148,37.578778
-122.349072,37.578712
-122.348933,37.579807
-122.349364,37.578826
-122.351417,37.578776
-122.351447,37.578753
-122.349385,37.578728
-122.350614,37.577814
-122.34929,37.578571
-122.351197,37.576868
-122.348695,37.578221
-122.349058,37.577273
-122.349839,37.576611
-122.347987,37.577698
-122.347533,37.577294
-122.3469039,37.57639375
-122.346707,37.576478
-122.346605,37.576721
-122.345868,37.577209
-122.34575,37.577145
-122.346527,37.576599
-122.346482,37.576635
-122.345648,37.577126
-122.3447258,37.57634399
-122.347168,37.57706
-122.347895,37.577736
-122.346525,37.576489
-122.346247,37.576228
-122.346074,37.57602882
-122.344714,37.577811
-122.344607,37.577833
-122.344411,37.577653
-122.343767,37.578461
-122.343248,37.577986
-122.3430103,37.57781601
-122.343908,37.578731
-122.344207,37.579003
-122.34372,37.578964
-122.343967,37.578643
-122.343999,37.578675
-122.344513,37.579133
-122.34471,37.579254
-122.344759,37.579524
-122.344718,37.579606
-122.344722,37.579694
-122.3450517,37.5796282
-122.346007,37.579104
-122.346066,37.579038
-122.345624,37.577396
-122.344818,37.57781
-122.345889,37.57739423
-122.346939,37.578461
-122.34587,37.577313
-122.345909,37.57735
-122.363959,37.58700781
-122.364451,37.586537
-122.345115,37.579464
-122.364194,37.586695
-122.364237,37.586057
-122.364776,37.585982
-122.345037,37.580421
-122.344537,37.580213
-122.344627,37.580479
-122.344741,37.580462
-122.364773,37.586158
-122.365153,37.5857
-122.365076,37.585624
-122.364952,37.585932
-122.365036,37.585667
-122.365342,37.585304
-122.365328,37.585484
-122.365644,37.585125
-122.365613,37.584986
-122.365417,37.585223
-122.365491,37.585295
-122.36585,37.584708
-122.3661987,37.58438494
-122.3660196,37.58456027
-122.365906,37.584805
-122.366003,37.584684
-122.365988,37.584542
-122.3638949,37.58680282
-122.3639365,37.58678687
-122.3638029,37.58672819
-122.363872,37.586742
-122.365053,37.58551
-122.365106,37.585461
-122.365542,37.584794
-122.365338,37.585628
-122.366008,37.585087
-122.365988,37.585011
-122.2685242,37.56014407
-121.9285375,37.35468991
-121.9247726,37.34938059
-121.9250504,37.35288036
-121.9402248,37.37787034
-122.075866,37.392222
-122.228107,37.485861
-122.107077,37.402126
-121.973771,37.32310288
-121.8002126,37.25448966
-122.2004598,47.61290138
-122.1695167,47.57387674
-122.3366696,47.47044686
-122.2981967,47.40956827
-122.31432,47.62030986
-122.3748943,47.66864674
-122.3569499,47.63797963
-122.3037253,47.61753836
-122.3865863,47.58030929
-122.2950392,47.6612082
-122.2897009,47.56864152
-122.2826699,47.53703697
-122.2820255,47.45628858
-122.3142213,47.66368532
-122.3170844,47.68155978
-122.2904658,47.68267649
-122.2681507,47.5198553
-122.274531,37.51917071
-122.2951778,37.51191261
-122.3472209,37.57624289
-122.0351457,37.33753868
-122.2744967,37.55632916
-122.4338179,37.46998096
-122.118646,37.378979
-122.177683,37.45065945
-122.3936281,37.60354327
-122.0871043,37.37234573
-122.078139,37.40315843
-122.1130965,37.4019553
-122.4918502,37.64936646
-122.5028698,37.59525238
-122.2311686,37.483391
-122.2245552,37.46537313
-122.4885049,37.75376602
-122.4388105,37.71946487
-122.439219,37.74444
-122.4496588,37.73150894
-122.473585,37.74358033
-122.4649738,37.77478569
-122.509955,37.77212
-121.833677,37.266085
-121.876225,37.25999
-121.803905,37.248426
-122.3371591,37.52032325
-122.314347,37.55250384
-122.333755,37.579696
-121.9361109,37.34574641
-121.9739739,37.3392568
-121.9487467,37.32344162
-122.4535497,37.64562033
-122.4327855,37.65588728
-122.0306952,37.36637574
-122.05681,37.37271961
-122.0182083,37.35631941
-122.228085,37.486236
-122.4659779,37.67257563
-122.4710608,37.6692424
-122.1074928,37.40172307
-122.2187254,37.47561398
-122.460981,37.725601
-122.4452517,37.7813988
-121.8642873,37.30158072
-121.8120157,37.30838263
-121.861216,37.250472
-122.2845974,37.55973928
-121.9595321,37.35039773
-122.4201433,37.63526992
-122.2570522,47.45581505
-122.3209819,47.63046169
-121.8761493,37.25699808
-122.229161,37.487324
-122.1699833,37.432861
-122.1699672,37.43285887
-122.1681983,37.43247723
-122.168212,37.43247545
-122.2602847,37.50731156
-122.3965313,37.7945931
-122.3970645,37.79073532
-122.4368416,37.62713124
-122.1963292,47.6185125
-122.1617609,37.44365031
-73.97882756,40.76589916
-122.4017628,37.79106957
-122.4559508,37.76405648
-122.4032488,37.7918321
-122.399497,37.63609116
-122.3253433,37.56557734
-122.2019121,47.61620507
-122.3442367,47.61161537
-122.3202785,47.60806433
-122.3115427,47.60741904
-122.3806015,47.66769826
-122.3346754,47.60299362
-73.97596568,40.76468798
-73.97836961,40.76393785
-73.97825561,40.76388249
-73.97961281,40.76446046
-73.98127913,40.76516691
-73.98292266,40.76504502
-73.97615679,40.76219122
-73.98035377,40.76232328
-73.9828147,40.76254065
-73.98148432,40.76115968
-73.98521461,40.76191544
-73.98421615,40.76820086
-73.98312047,40.76931304
-73.98834,40.76442
-73.989246,40.763247
-73.98956,40.762818
-73.979369,40.761209
-73.976463,40.765213
-73.977001,40.763409
-73.975538,40.762793
-73.974764,40.762474
-73.976605,40.763987
-73.977702,40.763795
-73.982393,40.766461
-73.979541,40.765218
-73.98763,40.764528
-73.986753,40.764254
-73.982022,40.769724
-73.978441,40.762301
-73.976663,40.761537
-73.984138,40.764834
-73.983105,40.763086
-73.981145,40.764172
-73.983361,40.762647
-73.983076,40.766877
-73.977522,40.763545
-73.975587,40.762728
-73.984783,40.760396
-73.982107,40.76539
-73.982652,40.763901
-73.980816,40.765772
-73.978221,40.76484
-73.981729,40.769609
-73.984147,40.761299
-73.982302,40.770366
-73.982044,40.770551
-73.98793,40.763927
-73.984881,40.764282
-73.986603,40.764987
-73.984236,40.766347
-73.986773,40.761709
-73.98684,40.761134
-73.985256,40.763305
-73.983577,40.765601
-73.983913,40.77032
-73.986605,40.769113
-73.983093,40.766251
-73.981979,40.766172
-73.988101,40.768838
-73.976784,40.764232
-73.985631,40.767028
-73.983898,40.766301
-73.98288,40.76171
-73.978243,40.76663
-73.983147,40.766737
-73.989721,40.762138
-73.988238,40.761512
-73.987616,40.760515
-73.988417,40.760847
-73.984947,40.764215
-73.98449,40.764351
-73.984354,40.765585
-73.990739,40.765996
-73.990898,40.766065
-73.990284,40.766607
-73.990002,40.767295
-73.989843,40.767223
-73.989252,40.768029
-73.989542,40.767928
-73.980191,40.762289
-73.980902,40.762593
-73.979534,40.766073
-73.979109,40.766655
-73.982294,40.764686
-73.976755,40.764802
-73.976502,40.764887
-73.974226,40.763922
-73.982191,40.767352
-73.980744,40.767487
-73.980862,40.767713
-73.979317,40.766671
-73.982739,40.76922
-73.984493,40.769759
-73.984965,40.76
-73.98858,40.7641
-73.974882,40.765215
-73.980253,40.770616
-73.980709,40.770811
-73.983439,40.770257
-73.981812,40.769612
-73.983628,40.770423
-73.98312,40.7702
-73.980354,40.770592
-73.980677,40.76481
-73.988812,40.763396
-73.983164,40.763545
-73.989835,40.76707
-73.988678,40.764237
-73.981985,40.763045
-73.982299,40.763179
-73.981842,40.770413
-73.980748,40.769956
-73.980724,40.770012
-73.981513,40.770339
-73.990661,40.76581
-73.985959,40.76218
-73.984689,40.760912
-73.989678,40.767907
-73.987792,40.765399
-73.989361,40.766059
-73.982368,40.770665
-73.980207,40.770257
-73.980055,40.770466
-73.989717,40.767844
-73.988565,40.768301
-73.987028,40.7619
-73.988265,40.762424
-73.982454,40.76488
-73.98303,40.765121
-73.983068,40.761051
-73.982286,40.76949
-73.990652,40.76589
-73.979695,40.760779
-73.989649,40.762938
-73.98977,40.763067
-73.98031,40.77033
-73.989739,40.767114
-73.988742,40.764174
-73.987754,40.765461
-73.984027,40.765542
-73.98891,40.768321
-73.990649,40.766594